{"cameraMode":{"drawMode":0,"name":"Shaded","section":"Shading Mode"},"sceneLighting":true,"audioPlay":false,"sceneViewState":{"m_AlwaysRefresh":false,"showFog":true,"showSkybox":true,"showFlares":true,"showImageEffects":true,"showParticleSystems":true,"showVisualEffectGraphs":true,"m_FxEnabled":true},"in2DMode":false,"pivot":{"x":0.8905943036079407,"y":2.6579182147979738,"z":-2.249951124191284},"rotation":{"x":-0.04751567542552948,"y":0.9524668455123901,"z":-0.21080078184604646,"w":-0.2146904170513153},"size":0.00183019507676363,"orthographic":false}